TrackId,ProductName,TotalRevenue
2832,"The Woman King",3.98
2850,"The Fix",3.98
2868,Walkabout,3.98
3214,"Phyllis's Wedding",3.98
3223,"How to Stop an Exploding Man",3.98
3250,Pilot,3.98
3200,"Gay Witch Hunt",3.98
3177,"Hot Girl",3.98
2820,"Occupation / Precipice",1.99
2826,Hero,1.99
2838,"Crossroads, Pt. 2",1.99
2844,"Better Halves",1.99
2856,Parasite,1.99
2862,"The Glass Ballerina",1.99
2874,"I Do",1.99
2883,Solitary,1.99
2892,"Fire + Water",1.99
2901,Homecoming,1.99
2910,Dave,1.99
2919,"Born to Run",1.99
3169,"The Man Behind the Curtain",1.99
3178,"The Dundies",1.99
3187,"Christmas Party",1.99
3196,"Michael's Birthday",1.99
3205,Diwali,1.99
3232,"The Long Patrol",1.99
3246,"Baltar's Escape",1.99
3247,"Experiment In Terra",1.99
3248,"Take the Celestra",1.99
3252,"Through the Looking Glass, Pt. 1",1.99
3338,"The Beginning of the End",1.99
3347,"Meet Kevin Johnson",1.99
3428,"Branch Closing",1.99
2821,"Exodus, Pt. 1",1.99
2827,"Unfinished Business",1.99
2833,"A Day In the Life",1.99
2839,Genesis,1.99
2845,"Nothing to Hide",1.99
2851,Distractions,1.99
2860,Adrift,1.99
2869,"...And Found",1.99
2878,"The Other 48 Days",1.99
2887,"The 23rd Psalm",1.99
2896,"The Long Con",1.99
2905,"The Whole Truth",1.99
2914,S.O.S.,1.99
2923,"Exodus (Part 2) [Season Finale]",1.99
3173,"Diversity Day",1.99
3182,Halloween,1.99
3191,"The Carpet",1.99
3209,"A Benihana Christmas, Pts. 1 & 2",1.99
3224,"Through a Looking Glass",1.99
3227,"Battlestar Galactica, Pt. 2",1.99
3229,"Lost Planet of the Gods, Pt. 1",1.99
3231,"The Lost Warrior",1.99
3233,"The Gun On Ice Planet Zero, Pt. 1",1.99
3235,"The Magnificent Warriors",1.99
3237,"The Living Legend, Pt. 1",1.99
3241,"War of the Gods, Pt. 2",1.99
3245,"Greetings from Earth, Pt. 2",1.99
3249,"The Hand of God",1.99
3342,"The Economist",1.99
3360,"Something Nice Back Home",1.99
2822,"Exodus, Pt. 2",1.99
2828,"The Passage",1.99
2837,"Crossroads, Pt. 1",1.99
2846,"Seven Minutes to Midnight",1.99
2855,"Company Man",1.99
2864,Orientation,1.99
2873,"House of the Rising Sun",1.99
2882,"Lost Survival Guide",1.99
2891,"Enter 77",1.99
2900,Exposé,1.99
2909,Catch-22,1.99
2918,""?"",1.99
3168,"The Hard Part",1.99
3186,"Email Surveillance",1.99
3201,"The Convention",1.99
3202,"The Coup",1.99
3204,"The Initiation",1.99
3206,"Branch Closing",1.99
3208,"The Convict",1.99
3210,"Back from Vacation",1.99
3212,"Producer's Cut: The Return",1.99
3218,"Safety Training",1.99
3222,"The Job",1.99
3226,"Battlestar Galactica, Pt. 1",1.99
3230,"Lost Planet of the Gods, Pt. 2",1.99
3234,"The Gun On Ice Planet Zero, Pt. 2",1.99
3238,"The Living Legend, Pt. 2",1.99
3244,"Greetings from Earth, Pt. 1",1.99
3337,"Past, Present, and Future",1.99
3346,"Ji Yeon",1.99
3364,"There's No Place Like Home, Pt. 3",1.99
2823,Collaborators,1.99
2841,"One Giant Leap",1.99
2859,"Man of Science, Man of Faith (Premiere)",1.99
2877,"The Moth",1.99
2886,"Stranger In a Strange Land",1.99
2895,"Par Avion",1.99
2904,Outlaws,1.99
2913,"Deus Ex Machina",1.99
2922,"Live Together, Die Alone, Pt. 1",1.99
2,"Balls to the Wall",1.98
8,"Inject The Venom",1.98
20,Overdose,1.98
32,"Deuces Are Wild",1.98
48,"Not The Doctor",1.98
66,"Por Causa De Você",1.98
84,"Welcome Home (Sanitarium)",1.98
162,Cornucopia,1.98
171,"Bowels Of The Devil",1.98
198,"When My Left Eye Jumps",1.98
207,Meditação,1.98
234,"Morena De Angola",1.98
240,"Meu Caro Amigo",1.98
252,"Samba Do Lado",1.98
264,"Amor De Muito",1.98
280,"Lixo Do Mangue",1.98
298,"A Cor Do Sol",1.98
316,"Linha Do Equador",1.98
394,"Tanto Tempo",1.98
403,"Bumbo Da Mangueira",1.98
430,"I'm Going Slightly Mad",1.98
439,"Sure Know Something",1.98
466,"J Squared",1.98
472,"Basket Case",1.98
484,"Nice Guys Finish Last",1.98
496,"Living On Love",1.98
512,"Comportamento Geral",1.98
530,"Ando Meio Desligado",1.98
548,"Smoke On The Water",1.98
626,"Drum Boogie",1.98
635,"Lemon Drop",1.98
662,"Pela Luz dos Olhos Teus (Miúcha e Tom Jobim)",1.98
671,"As Rosas Não Falam (Beth Carvalho)",1.98
698,"Good Golly Miss Molly",1.98
704,"Don't Look Now",1.98
716,Brasil,1.98
728,"Woman Of The World (Ao Vivo)",1.98
744,"Mis Penas Lloraba Yo (Ao Vivo) Soy Gitano (Tangos)",1.98
762,"No No No",1.98
780,"Maybe I'm A Leo",1.98
858,Esquinas,1.98
867,Açai,1.98
894,"Sunshine Of Your Love",1.98
903,"Lay Down Sally",1.98
930,"She Loves Me Not",1.98
936,Caffeine,1.98
948,Easy,1.98
960,"What A Day",1.98
976,"Falamansa Song",1.98
994,"The Last Song",1.98
1012,"Times Like These",1.98
1090,"Stir It Up (Live)",1.98
1099,"A Novidade (Live)",1.98
1126,Re-Align,1.98
1135,Holiday,1.98
1162,"Perfect Crime",1.98
1168,"The Garden",1.98
1180,Breakdown,1.98
1192,"L'Arc En Ciel De Miles",1.98
1208,"For the Greater Good of God",1.98
1226,"Can I Play With Madness",1.98
1244,"The Thin Line Between Love & Hate",1.98
1322,"The Trooper",1.98
1331,"Run Silent Run Deep",1.98
1358,"Blood Brothers",1.98
1367,"The Number Of The Beast",1.98
1394,"The Prisoner",1.98
1400,"The Aftermath",1.98
1412,"Don't Look To The Eyes Of A Stranger",1.98
1424,"Hey America",1.98
1440,"Whatever It Is, I Just Can't Stop",1.98
1458,"Light Years",1.98
1476,"Take It Or Leave It",1.98
1554,"Turbo Lover",1.98
1563,"Plaster Caster",1.98
1590,"Walter's Walk",1.98
1599,"Dancing Days",1.98
1626,"How Many More Times",1.98
1632,"Living Loving Maid (She's Just A Woman)",1.98
1644,"Bron-Y-Aur Stomp",1.98
1656,"For Your Life",1.98
1672,L'Avventura,1.98
1690,"Tempo Perdido",1.98
1708,"Mr. Cab Driver",1.98
1786,"Save The Children",1.98
1795,"Down by the Sea",1.98
1822,"Stone Cold Crazy",1.98
1831,Motorbreath,1.98
1858,"Leper Messiah",1.98
1864,"The Unforgiven II",1.98
1876,"For Whom The Bell Tolls",1.98
1888,"Shoot Me Again",1.98
1904,"The Duke",1.98
1922,"Menestrel Das Alagoas",1.98
1940,"Norwegian Wood",1.98
2018,"Folhas Secas",1.98
2027,"Menino De Rua",1.98
2054,Selvagem,1.98
2063,"Nebulosa Do Amor",1.98
2090,"Romance Ideal",1.98
2096,"Flying High Again",1.98
2108,"Children Of The Grave",1.98
2120,"Walking Into Clarksdale",1.98
2136,"Plot 180",1.98
2154,Untitled,1.98
2172,"Big Wave",1.98
2250,"Nega Do Cabelo Duro",1.98
2259,"You're My Best Friend",1.98
2286,"Get Up",1.98
2295,Untitled,1.98
2322,"So Central Rain",1.98
2328,"Fall On Me",1.98
2340,"Esporrei Na Manivela",1.98
2352,"Que Luz É Essa",1.98
2368,"Under The Bridge",1.98
2386,Tear,1.98
2404,"Right On Time",1.98
2482,Saturnine,1.98
2491,"Cherub Rock",1.98
2518,"Pretty Noose",1.98
2527,Starburst,1.98
2554,"Soldier Side - Intro",1.98
2560,"Violent Pornography",1.98
2572,"Midnight From The Inside Out",1.98
2584,"Title Song",1.98
2600,"Train In Vain",1.98
2618,"Speed Of Light",1.98
2636,"Sun King",1.98
2714,"Heaven Coming Down",1.98
2723,Gyroscope,1.98
2750,"You Better You Bet",1.98
2759,"Música No Ar",1.98
2786,"O Pulso",1.98
2792,"A Melhor Forma",1.98
2804,"Lugar Nenhum",1.98
2816,"Toda Cor",1.98
2946,"When I Look At The World",1.98
2955,"Everlasting Love",1.98
2982,Miami,1.98
2991,"All Along The Watchtower",1.98
3018,"Sunday Bloody Sunday",1.98
3024,"Two Hearts Beat As One",1.98
3036,"Dirty Day",1.98
3048,"C'est La Vie",1.98
3064,Eruption,1.98
3082,Eruption,1.98
3100,"Year to the Day",1.98
3256,"Give Peace a Chance",1.98
3268,"Beautiful Boy",1.98
3280,"War Pigs",1.98
3446,"Symphonie Fantastique, Op. 14: V. Songe d'une nuit du sabbat",1.98
3455,Rehab,1.98
3482,"Suite No. 3 in D, BWV 1068: III. Gavotte I & II",1.98
3488,"Music for the Funeral of Queen Mary: VI. "Thou Knowest, Lord, the Secrets of Our Hearts"",1.98
3500,"String Quartet No. 12 in C Minor, D. 703 "Quartettsatz": II. Andante - Allegro assai",1.98
9,Snowballed,1.98
175,Voodoo,1.98
184,"Chemical Wedding",1.98
211,"Bem Devagar",1.98
217,Mel,1.98
229,"Samba De Orly",1.98
241,"Geni E O Zepelim",1.98
407,"Só Tinha De Ser Com Você",1.98
416,"Whiskey In The Jar",1.98
443,"Shock Me",1.98
449,"Calling Dr. Love",1.98
461,Surrender,1.98
473,"When I Come Around",1.98
639,"Don't Take Your Love From Me",1.98
648,"Onde Anda Você",1.98
675,"Susie Q",1.98
681,Commotion,1.98
693,"Sweet Hitch-Hiker",1.98
705,"The Midnight Special",1.98
871,Azul,1.98
880,"Dois Pra Lá, Dois Pra Cá",1.98
907,Promises,1.98
913,"Lonely Stranger",1.98
925,"Last Cup Of Sorrow",1.98
937,"Midlife Crisis",1.98
1103,"Lamento De Carnaval",1.98
1112,"Beira Mar",1.98
1139,"Give Me Novacaine",1.98
1145,Whatsername,1.98
1157,"Rocket Queen",1.98
1169,"Garden of Eden",1.98
1335,"Where Eagles Dare",1.98
1344,"Aces High",1.98
1371,Moonchild,1.98
1377,"The Clairvoyant",1.98
1389,Gangland,1.98
1401,"Judgement Of Heaven",1.98
1567,"Sure Know Something",1.98
1576,"Rock And Roll All Nite",1.98
1603,"In The Evening",1.98
1609,"I'm Gonna Crawl",1.98
1621,"Dazed and Confused",1.98
1633,"Ramble On",1.98
1799,"Shakes and Ladders",1.98
1808,"Nothing Else Matters",1.98
1835,"Phantom Lord",1.98
1841,"The House Jack Built",1.98
1853,Battery,1.98
1865,"Better Than You",1.98
2031,"Nossa Gente (Avisa Là)",1.98
2040,"Revolta Olodum",1.98
2067,"Mensagen De Amor (2000)",1.98
2073,"Saber Amar",1.98
2085,"Meu Erro",1.98
2097,"Mama, I'm Coming Home",1.98
2263,"Somebody To Love",1.98
2272,"We Are The Champions",1.98
2299,Undertow,1.98
2305,"Binky The Doormat",1.98
2317,"Country Feedback",1.98
2329,"I Believe",1.98
2495,"Bullet With Butterfly Wings",1.98
2504,"Real Love",1.98
2531,"End Of Romanticism",1.98
2537,"Travis Walk",1.98
2549,"Piece Of Pie",1.98
2561,Question!,1.98
2727,Babylon,1.98
2736,"Boris The Spider",1.98
2763,Compadre,1.98
2769,"Não Quero Dinheiro",1.98
2781,Comida,1.98
2793,"Cabeça Dinossauro",1.98
2959,"Hallelujah Here She Comes",1.98
2968,"City Of Blinding Lights",1.98
2995,"Pride (In The Name Of Love)",1.98
3001,"The Star Spangled Banner",1.98
3013,"Sweetest Thing",1.98
3025,"Red Light",1.98
3432,"Scheherazade, Op. 35: I. The Sea and Sindbad's Ship",1.98
161,Snowblind,1.98
393,"Tarde Em Itapoã",1.98
625,"Blue Rythm Fantasy",1.98
857,Álibi,1.98
1089,"Is This Love (Live)",1.98
1321,"Hallowed Be Thy Name",1.98
1553,"You've Got Another Thing Comin'",1.98
1785,"Abraham, Martin And John",1.98
2017,"Sangue Latino",1.98
2249,"Rappers Reais",1.98
2481,Waiting,1.98
2713,Release,1.98
2945,"Peace On Earth",1.98
4,"Restless and Wild",0.99
6,"Put The Finger On You",0.99
10,"Evil Walks",0.99
12,"Breaking The Rules",0.99
16,"Dog Eat Dog",0.99
24,"Love In An Elevator",0.99
28,"Janie's Got A Gun",0.99
36,Angel,0.99
42,"Right Through You",0.99
54,"Bleed The Freak",0.99
60,Confusion,0.99
72,Angela,0.99
78,"Master Of Puppets",0.99
90,"Set It Off",0.99
99,"Your Time Has Come",0.99
108,Dandelion,0.99
117,"Rock 'N' Roll Music",0.99
126,"Moon germs",0.99
135,"Super Terrorizer",0.99
144,"Heart Of Gold",0.99
153,"Evil Woman",0.99
180,"Body Count Anthem",0.99
189,Jerusalem,0.99
216,"Esse Cara",0.99
230,"Bye, Bye Brasil",0.99
231,"Atras Da Porta",0.99
232,Tatuagem,0.99
236,"A Banda",0.99
238,"Com Açúcar E Com Afeto",0.99
242,"Trocando Em Miúdos",0.99
244,"Gota D'água",0.99
248,Etnia,0.99
256,Sobremesa,0.99
260,"Sangue De Bairro",0.99
268,"Maracatu Atômico [Trip Hop]",0.99
274,"Samba Makossa",0.99
286,Firmamento,0.99
292,"Já Foi",0.99
304,Firmamento,0.99
310,"Sábado A Noite",0.99
322,"Livre Pra Viver",0.99
331,Lavadeira,0.99
340,"Dazed and Confused",0.99
349,"You Shook Me(2)",0.99
358,"Man With The Woman Head",0.99
367,"Leandro De Itaquera 2001",0.99
376,"Vôo Sobre o Horizonte",0.99
385,"All Star",0.99
412,"Die Die My Darling",0.99
421,"Radio GA GA",0.99
448,"God Of Thunder",0.99
462,Valentino's,0.99
463,Believe,0.99
464,"As We Sleep",0.99
468,Maria,0.99
470,Longview,0.99
474,She,0.99
476,"Geek Stink Breath",0.99
480,"Stuck With Me",0.99
488,"Macy's Day Parade",0.99
492,"Don't You Cry",0.99
500,"Wherever You May Go",0.99
506,"Diga Lá, Coração",0.99
518,"Podres Poderes",0.99
524,Queixa,0.99
536,"Vida De Cachorro",0.99
542,"Meu Refrigerador Não Funciona",0.99
554,"Trampled Under Foot",0.99
563,"União Da Ilha",0.99
572,"Put Your Lights On",0.99
581,Primavera,0.99
590,"Seis Da Tarde",0.99
599,Compulsion,0.99
608,"The Pan Piper",0.99
617,"Jean Pierre (Live)",0.99
644,Showcase,0.99
653,"Como É Duro Trabalhar",0.99
680,"Green River",0.99
694,"Someday Never Comes",0.99
695,"Walking On The Water",0.99
696,"Suzie-Q, Pt. 2",0.99
700,"Wrote A Song For Everyone",0.99
702,"Cotton Fields",0.99
706,"Before You Accuse Me",0.99
708,"Pagan Baby",0.99
712,"Born To Move",0.99
720,"Coroné Antonio Bento",0.99
724,"Música Urbana 2",0.99
732,"Smells Like Teen Spirit (Ao Vivo)",0.99
738,"Admirável Gado Novo",0.99
750,Drifter,0.99
756,"Child In Time",0.99
768,"Knocking At Your Back Door",0.99
774,"The Unwritten Law",0.99
786,"Vavoom : Ted The Mechanic",0.99
795,"Hey Cisco",0.99
804,Fortuneteller,0.99
813,"High Ball Shooter",0.99
822,"A Twist In The Tail",0.99
831,Animal,0.99
840,Hysteria,0.99
849,"Baltimore, DC",0.99
876,"Um Amor Puro",0.99
885,Fascinação,0.99
912,"Tears In Heaven",0.99
926,"Naked In Front Of The Computer",0.99
927,Helpless,0.99
928,"Mouth To Mouth",0.99
932,"Paths Of Glory",0.99
934,Pristina,0.99
938,RV,0.99
940,"Everything's Ruined",0.99
944,"A Small Victory",0.99
952,"The Gentle Art Of Making Enemies",0.99
956,"Ugly In The Morning",0.99
964,"From Out Of Nowhere",0.99
970,"Underwater Love",0.99
982,Avisa,0.99
988,Desaforo,0.99
1000,"What If I Do?",0.99
1006,"Virginia Moon",0.99
1018,"Burn Away",0.99
1027,"See You",0.99
1036,"I Get A Kick Out Of You",0.99
1045,"Fly Me To The Moon",0.99
1054,"Mack The Knife",0.99
1063,"Funk Hum",0.99
1072,"Forty Days Instrumental",0.99
1081,Pau-De-Arara,0.99
1108,Realce,0.99
1117,"Aquele Abraço",0.99
1144,"Homecoming / The Death Of St. Jimmy / East 12th St. / Nobody Likes You / Rock And Roll Girlfriend / We're Coming Home Again",0.99
1158,"Right Next Door to Hell",0.99
1159,"Dust N' Bones",0.99
1160,"Live and Let Die",0.99
1164,"Bad Obsession",0.99
1166,"Double Talkin' Jive",0.99
1170,"Don't Damn Me",0.99
1172,"Dead Horse",0.99
1176,Yesterdays,0.99
1184,Estranged,0.99
1188,Colibri,0.99
1196,Millenium,0.99
1202,"These Colours Don't Run",0.99
1214,Prowler,0.99
1220,"Run To The Hilss",0.99
1232,"Heaven Can Wait",0.99
1238,"Blood Brothers",0.99
1250,"Gates Of Tomorrow",0.99
1259,"Fear Is The Key",0.99
1268,"01 - Prowler",0.99
1277,"The Ides Of March",0.99
1286,Drifter,0.99
1295,"The Number Of The Beast",0.99
1304,"Phantom Of The Opera",0.99
1313,"Afraid To Shoot Strangers",0.99
1340,"Still Life",0.99
1349,"Back in the Village",0.99
1376,"The Prophecy",0.99
1390,"Hallowed Be Thy Name",0.99
1391,Invaders,0.99
1392,"Run to the Hills",0.99
1396,"Lord Of The Flies",0.99
1398,"Fortunes Of War",0.99
1402,"Blood On The World's Hands",0.99
1404,"2 A.M.",0.99
1408,"Lightning Strikes Twice",0.99
1416,"Night Train",0.99
1420,"It's A Man's Man's Man's World",0.99
1428,"Get Up Offa That Thing",0.99
1434,"When You Gonna Learn (Digeridoo)",0.99
1446,"Black Capricorn Day",0.99
1452,"Were Do We Go From Here",0.99
1464,"Morning Glory",0.99
1470,"Get What You Need",0.99
1482,"Can You See Me",0.99
1491,"Stone Free",0.99
1500,"Satch Boogie",0.99
1509,"Salve Simpatia",0.99
1518,"Filho Maravilha",0.99
1527,"Dance Enquanto é Tempo",0.99
1536,"Voce Inteira",0.99
1545,"Enquanto O Dia Não Vem",0.99
1572,"Every Time I Look At You",0.99
1581,"Dazed And Confused",0.99
1608,"All My Love",0.99
1622,"Your Time Is Gonna Come",0.99
1623,"Black Mountain Side",0.99
1624,"Communication Breakdown",0.99
1628,"What Is And What Should Never Be",0.99
1630,"Thank You",0.99
1634,"Moby Dick",0.99
1636,"Immigrant Song",0.99
1640,"Out On The Tiles",0.99
1648,"Down By The Seaside",0.99
1652,"Boogie With Stu",0.99
1660,"Hots On For Nowhere",0.99
1666,"Dazed And Confused",0.99
1678,"Soul Parsifal",0.99
1684,"Quando Você Voltar",0.99
1696,"Meninos E Meninas",0.99
1702,"Are You Gonna Go My Way",0.99
1714,Believe,0.99
1723,Condição,0.99
1732,Aquilo,0.99
1741,"Assaltaram A Gramática",0.99
1750,"Waterhole (Expresso Bongo)",0.99
1759,"Tempos Modernos",0.99
1768,"Dança Da Solidão",0.99
1777,"When I Had Your Love",0.99
1804,"The Unforgiven",0.99
1813,Helpless,0.99
1840,"2 X 4",0.99
1854,"Master Of Puppets",0.99
1855,"The Thing That Should Not Be",0.99
1856,"Welcome Home (Sanitarium)",0.99
1860,"Damage Inc.",0.99
1862,"The Memory Remains",0.99
1866,Slither,0.99
1868,"Bad Seed",0.99
1872,Attitude,0.99
1880,"Creeping Death",0.99
1884,"Some Kind Of Monster",0.99
1892,"All Within My Hands",0.99
1898,"Harvester Of Sorrow",0.99
1910,Lament,0.99
1916,"Coração De Estudante",0.99
1928,"Maria, Maria",0.99
1934,"Ponta de Areia",0.99
1946,"Fast And Loose",0.99
1955,"Please Don't Touch",0.99
1964,"Já Foi",0.99
1973,"Wild Side",0.99
1982,"Primal Scream",0.99
1991,"Been A Son",0.99
2000,Breed,0.99
2009,"Territorial Pissings",0.99
2036,Denúncia,0.99
2045,"O Trem Da Juventude",0.99
2072,"Luis Inacio (300 Picaretas)",0.99
2086,Perplexo,0.99
2087,"Me Liga",0.99
2088,"Quase Um Segundo",0.99
2092,SKA,0.99
2094,"I Don't Know",0.99
2098,"No More Tears",0.99
2100,"Crazy Train",0.99
2104,"Relvelation (Mother Earth)",0.99
2112,Dee,0.99
2116,"Blue Train",0.99
2124,"Sons Of Freedom",0.99
2130,"Beach Sequence",0.99
2142,"Murders In The Rue Morgue",0.99
2148,"Iron Maiden",0.99
2160,Nothingman,0.99
2166,"World Wide Suicide",0.99
2178,"Can't Keep",0.99
2187,"Green Disease",0.99
2196,"Why Go",0.99
2205,Animal,0.99
2214,Leash,0.99
2223,"Wanted Dread And Alive",0.99
2232,"The Great Gig In The Sky",0.99
2241,Bossa,0.99
2268,"Seven Seas Of Rhye",0.99
2277,"Get Down, Make Love",0.99
2304,"Be Mine",0.99
2318,"Carnival Of Sorts",0.99
2319,"Radio Free Aurope",0.99
2320,"Perfect Circle",0.99
2324,"Pretty Persuasion",0.99
2326,"Can't Get There From Here",0.99
2330,Cuyahoga,0.99
2332,"The Finest Worksong",0.99
2336,"Papeau Nuky Doe",0.99
2344,"Maluco Beleza",0.99
2348,"As Profecias",0.99
2356,"Século XXI",0.99
2362,"Suck My Kiss",0.99
2374,"They're Red Hot",0.99
2380,"The Zephyr Song",0.99
2392,"Parallel Universe",0.99
2398,Porcelain,0.99
2410,Xanadu,0.99
2419,"Finding My Way",0.99
2428,"Evil Ways",0.99
2437,"It's Only Love",0.99
2446,"So Beautiful",0.99
2455,Maquinarama,0.99
2464,"Garota Nacional",0.99
2473,"Aeroplane Flies High",0.99
2500,"Ava Adore",0.99
2509,"Hands All Over",0.99
2536,"Leave My Girl Alone",0.99
2550,Plush,0.99
2551,"Wet My Bed",0.99
2552,Crackerman,0.99
2556,Revenga,0.99
2558,Radio/Video,0.99
2562,"Sad Statue",0.99
2564,"Lost in Hollywood",0.99
2568,"Black Light Syndrome",0.99
2576,"Sometimes Salvation",0.99
2580,"Girl From A Pawnshop",0.99
2588,"Soul Singing",0.99
2594,"Clash City Rockers",0.99
2606,"Know Your Rights",0.99
2612,"Take The Power",0.99
2624,"Spirit Walker",0.99
2630,"Edie (Ciao Baby)",0.99
2642,"Twentienth Century Fox",0.99
2651,"Can't Stand Losing You",0.99
2660,"King Of Pain",0.99
2669,"Get Off Of My Cloud",0.99
2678,"Gimmie Shelters",0.99
2687,"Thief In The Night",0.99
2696,"Out Of Tears",0.99
2705,"Walking Wounded",0.99
2732,"Anyway, Anyhow, Anywhere",0.99
2741,"Pinball Wizard",0.99
2768,Você,0.99
2782,"Go Back",0.99
2783,"Prá Dizer Adeus",0.99
2784,Família,0.99
2788,"Nem 5 Minutos Guardados",0.99
2790,Palavras,0.99
2794,"32 Dentes",0.99
2796,"Não Vou Lutar",0.99
2800,"Querem Meu Sangue",0.99
2808,Domingo,0.99
2812,"Era Uma Vez",0.99
2928,One,0.99
2937,"Love Is Blindness",0.99
2964,Vertigo,0.99
2973,"Original Of The Species",0.99
3000,"God Part II",0.99
3014,Desire,0.99
3015,"When Love Comes To Town",0.99
3016,"Angel Of Harlem",0.99
3020,"New Year's Day",0.99
3022,"Drowning Man",0.99
3026,Surrender,0.99
3028,Zooropa,0.99
3032,"Stay (Faraway, So Close!)",0.99
3040,"I Would Do For You",0.99
3044,"Wear You To The Ball",0.99
3052,"Where Have All The Good Times Gone?",0.99
3058,"Dancing In The Street",0.99
3070,Jump,0.99
3076,"Right Now",0.99
3088,"Feel Your Love Tonight",0.99
3094,"One I Want",0.99
3106,"Big Machine",0.99
3115,"Dirty Little Thing",0.99
3124,"So Por Amor",0.99
3133,"Here I Go Again",0.99
3142,"The Deeper The Love",0.99
3151,"Seu Balancê",0.99
3160,"Sapopemba e Maxambomba",0.99
3254,"#9 Dream",0.99
3258,"Whatever Gets You Thru the Night",0.99
3260,"Gimme Some Truth",0.99
3264,"Jealous Guy",0.99
3272,"Gimme Some Truth",0.99
3276,"Sympton of the Universe",0.99
3284,"Never Say Die",0.99
3290,"The Zoo",0.99
3296,"I Can't Explain",0.99
3302,"Put Your Head Out",0.99
3308,"Danny Boy, Danny Boy",0.99
3314,"One For The Road",0.99
3320,"Chapa o Coco",0.99
3326,"Todo o Carnaval tem seu Fim",0.99
3332,"Funk de Bamba",0.99
3356,"Muita Bobeira",0.99
3365,"Say Hello 2 Heaven",0.99
3374,"All Night Thing",0.99
3383,"Scar On the Sky",0.99
3392,"Until We Fall",0.99
3401,"Show Me How to Live (Live at the Quart Festival)",0.99
3410,"The Messiah: Behold, I Tell You a Mystery... The Trumpet Shall Sound",0.99
3419,"Requiem, Op.48: 4. Pie Jesu",0.99
3437,"Piano Sonata No. 14 in C Sharp Minor, Op. 27, No. 2, "Moonlight": I. Adagio sostenuto",0.99
3464,"He Can Only Hold Her",0.99
3478,Slowness,0.99
3479,"Prometheus Overture, Op. 43",0.99
3480,"Sonata for Solo Violin: IV: Presto",0.99
3484,"Adios nonino",0.99
3486,"Act IV, Symphony",0.99
3490,"Partita in E Major, BWV 1006A: I. Prelude",0.99
3492,"Sing Joyfully",0.99
3496,"Étude 1, In C Major - Preludio (Presto) - Liszt",0.99
1,"For Those About To Rock (We Salute You)",0.99
5,"Princess of the Dawn",0.99
13,"Night Of The Long Knives",0.99
19,"Problem Child",0.99
25,"Rag Doll",0.99
31,"Blind Man",0.99
37,"Livin' On The Edge",0.99
43,Forgiven,0.99
49,"Wake Up",0.99
55,"I Can't Remember",0.99
61,"I Know Somethin (Bout You)",0.99
67,Ligia,0.99
76,"Canta, Canta Mais",0.99
85,Cochise,0.99
94,Hypnotize,0.99
103,"Drown Me Slowly",0.99
112,"Long Tall Sally",0.99
121,"Good Golly Miss Molly",0.99
130,"Do what cha wanna",0.99
139,A.N.D.R.O.T.A.Z.,0.99
148,"The Beginning...At Last",0.99
157,"Tomorrow's Dream",0.99
166,"Smoked Pork",0.99
193,Realword,0.99
208,Terra,0.99
209,"Eclipse Oculto",0.99
213,Saudosismo,0.99
215,Sozinho,0.99
219,Odara,0.99
221,"Atrás Da Verd-E-Rosa Só Não Vai Quem Já Morreu",0.99
225,"Sozinho (Caêdrum 'n' Bass)",0.99
233,"O Que Será (À Flor Da Terra)",0.99
237,"Minha Historia",0.99
245,"Construção / Deus Lhe Pague",0.99
251,"Um Passeio No Mundo Livre",0.99
257,Manguetown,0.99
263,"Criança De Domingo",0.99
269,"Banditismo Por Uma Questa",0.99
275,"Da Lama Ao Caos",0.99
281,"Computadores Fazem Arte",0.99
287,Extra,0.99
293,"Onde Você Mora?",0.99
299,"Onde Você Mora?",0.99
308,"Na Frente Da TV",0.99
317,"Amor Demais",0.99
326,"Tapa Aqui, Descobre Ali",0.99
335,"My Love",0.99
344,"Travelling Riverside Blues",0.99
353,"Sam With The Showing Scalp Flat Top",0.99
362,"Gavioes 2001",0.99
371,"Morro Da Casa Verde 2001",0.99
380,"Samba da Bençaco",0.99
389,"Maria Fumaça",0.99
398,"Only A Dream In Rio",0.99
425,"It's A Hard Life",0.99
440,"Love Gun",0.99
441,Deuce,0.99
445,She,0.99
447,"Shout It Out Loud",0.99
451,Strutter,0.99
453,"Cold Gin",0.99
457,"De La Luz",0.99
465,"When Evening Falls",0.99
469,"Poprocks And Coke",0.99
477,"Brain Stew",0.99
483,Redundant,0.99
489,"Into The Light",0.99
495,"Cry For Love",0.99
501,"Grito De Alerta",0.99
507,"Lindo Lago Do Amor",0.99
513,"Ponto De Interrogação",0.99
519,"Voce Nao Entende Nada - Cotidiano",0.99
525,"O Leaozinho",0.99
531,"Top Top",0.99
540,"Posso Perder Minha Mulher, Minha Mãe, Desde Que Eu Tenha O Rock And Roll",0.99
549,"You Fool No One",0.99
558,Viradouro,0.99
567,Tradição,0.99
576,"Maria Maria",0.99
585,"Entre E Ouça",0.99
594,"Agora Que O Dia Acordou",0.99
603,"Bye Bye Blackbird",0.99
612,Nefertiti,0.99
621,"Going Down / Highway Star",0.99
630,"Boogie Blues",0.99
657,Deixa,0.99
672,"Wave (Os Cariocas)",0.99
673,"Garota de Ipanema (Dick Farney)",0.99
677,"Proud Mary",0.99
679,Lodi,0.99
683,"Fortunate Son",0.99
685,"Who'll Stop The Rain",0.99
689,"Long As I Can See The Light",0.99
697,"Born On The Bayou",0.99
701,"Night Time Is The Right Time",0.99
709,"(Wish I Could) Hideaway",0.99
715,"Gatas Extraordinárias",0.99
721,"Você Passa, Eu Acho Graça (Ao Vivo)",0.99
727,"Não Sei O Que Eu Quero Da Vida",0.99
733,E.C.T.,0.99
739,"Eleanor Rigby",0.99
745,"Comin' Home",0.99
751,"Love Child",0.99
757,"Flight Of The Rat",0.99
763,"Strange Kind Of Woman",0.99
772,"Black Night",0.99
781,"Pictures Of Home",0.99
790,"Cascades : I'm Not Your Lover",0.99
799,"The Cut Runs Deep",0.99
808,"Love Don't Mean a Thing",0.99
817,"Lick It Up",0.99
826,"Pour Some Sugar On Me",0.99
835,Action,0.99
844,"Groovus Interruptus",0.99
853,Cigano,0.99
862,Acelerou,0.99
889,"Maria Rosa",0.99
904,"Knockin On Heavens Door",0.99
905,"Wonderful Tonight",0.99
909,Signe,0.99
911,"Hey Hey",0.99
915,Layla,0.99
917,"Walkin' Blues",0.99
921,"Old Love",0.99
929,"Ashes To Ashes",0.99
933,"Home Sick Home",0.99
941,Malpractice,0.99
947,"Midnight Cowboy",0.99
953,"Star A.D.",0.99
959,"King For A Day",0.99
965,Epic,0.99
971,"The Morning After",0.99
977,"Xote Dos Milagres",0.99
983,Principiando/Decolagem,0.99
989,"In Your Honor",0.99
995,"Free Me",0.99
1004,"Over And Out",0.99
1013,"Disenchanted Lullaby",0.99
1022,"Hey, Johnny Park!",0.99
1031,"Walking After You",0.99
1040,"Summer Love",0.99
1049,"Come Fly With Me",0.99
1058,Nervosa,0.99
1067,"Meu Guarda-Chuva",0.99
1076,Juazeiro,0.99
1085,"Lamento Sertanejo",0.99
1094,"Estrela (Live)",0.99
1121,"Straight Out Of Line",0.99
1136,"Boulevard Of Broken Dreams",0.99
1137,"Are We The Waiting",0.99
1141,"Extraordinary Girl",0.99
1143,"Wake Me Up When September Ends",0.99
1147,"It's So Easy",0.99
1149,"Out Ta Get Me",0.99
1153,"Think About You",0.99
1161,"Don't Cry (Original)",0.99
1165,"Back off Bitch",0.99
1173,Coma,0.99
1179,"Shotgun Blues",0.99
1185,"You Could Be Mine",0.99
1191,"Deep Waters",0.99
1197,"Thinking 'Bout Tomorrow",0.99
1203,"Brighter Than a Thousand Suns",0.99
1209,"Lord of Light",0.99
1215,Transylvania,0.99
1221,"2 Minutes To Midnight",0.99
1227,"Wasting Love",0.99
1236,"Ghost Of The Navigator",0.99
1245,"Wildest Dreams",0.99
1254,"Age Of Innocence",0.99
1263,"Chains Of Misery",0.99
1272,"05 - Phantom of the Opera",0.99
1281,"Genghis Khan",0.99
1290,"The Trooper",0.99
1299,"Running Free",0.99
1308,"From Here To Eternity",0.99
1317,"Heaven Can Wait",0.99
1326,"Holy Smoke",0.99
1353,"The Wicker Man",0.99
1368,"Hallowed Be Thy Name",0.99
1369,Sanctuary,0.99
1373,"Can I Play With Madness",0.99
1375,"Seventh Son of a Seventh Son",0.99
1379,"Caught Somewhere in Time",0.99
1381,"Sea of Madness",0.99
1385,"De Ja Vu",0.99
1393,"The Number Of The Beast",0.99
1397,"Man On The Edge",0.99
1405,"The Unbeliever",0.99
1411,"The Educated Fool",0.99
1417,"Out Of Sight",0.99
1423,"Get Up (I Feel Like Being A) Sex Machine",0.99
1429,"It's Too Funky In Here",0.99
1435,"Too Young To Die",0.99
1441,"Blow Your Mind",0.99
1447,"Soul Education",0.99
1453,"King For A Day",0.99
1459,"Manifest Destiny",0.99
1468,"Rollover D.J.",0.99
1477,"Lazy Gun",0.99
1486,Fire,0.99
1495,"Highway Chile",0.99
1504,Midnight,0.99
1513,"Charles Anjo 45",0.99
1522,"Vou Pra Ai",0.99
1531,Onibusfobia,0.99
1540,Papelão,0.99
1549,"Hot Rockin'",0.99
1558,"Ram It Down",0.99
1585,"Whole Lotta Love (Medley)",0.99
1600,"D'Yer Mak'er",0.99
1601,"No Quarter",0.99
1605,"Fool In The Rain",0.99
1607,Carouselambra,0.99
1611,"Rock & Roll",0.99
1613,"Stairway To Heaven",0.99
1617,"When The Levee Breaks",0.99
1625,"I Can't Quit You Baby",0.99
1629,"The Lemon Song",0.99
1637,Friends,0.99
1643,"That's The Way",0.99
1649,"Ten Years Gone",0.99
1655,"Achilles Last Stand",0.99
1661,"Tea For One",0.99
1667,"No Quarter",0.99
1673,"Música De Trabalho",0.99
1679,Dezesseis,0.99
1685,"O Livro Dos Dias",0.99
1691,Indios,0.99
1700,Dezesseis,0.99
1709,"American Woman",0.99
1718,Honolulu,0.99
1727,Brumário,0.99
1736,"Tudo Bem",0.99
1745,"Pseudo Silk Kimono",0.99
1754,"White Feather",0.99
1763,"De Noite Na Cama",0.99
1772,"O Xote Das Meninas",0.99
1781,"Seek And You Shall Find",0.99
1790,"Heavy Love Affair",0.99
1817,"Last Caress/Green Hell",0.99
1832,"Jump In The Fire",0.99
1833,"(Anesthesia) Pulling Teeth",0.99
1837,"Seek & Destroy",0.99
1839,"Ain't My Bitch",0.99
1843,"King Nothing",0.99
1845,"Bleeding Me",0.99
1849,"Mama Said",0.99
1857,"Disposable Heroes",0.99
1861,Fuel,0.99
1869,"Where The Wild Things Are",0.99
1875,"Ride The Lightning",0.99
1881,"The Call Of Ktulu",0.99
1887,"My World",0.99
1893,Blackened,0.99
1899,"The Frayed Ends Of Sanity",0.99
1905,"My Ship",0.99
